-- AUTO-GENERATED SEED DATA
-- Generated by ci/testdata/generate_seed.py

-- Account: System Administrator
INSERT INTO accounts (id, public_id, email, name, auth_method, verified, vault_entity_id, created_at)
VALUES (1, UNHEX(REPLACE('adm1n000-0000-0000-0000-000000000001', '-', '')), 'admin@libops.io', 'System Administrator', 'userpass', TRUE, 'entity-admin', NOW());

INSERT INTO api_keys (public_id, account_id, name, description, scopes, active, created_by, created_at)
VALUES (UNHEX(REPLACE('ap1key00-adm1-n000-0000-000000000001', '-', '')), 1, 'System Administrator Full', 'Full access', '[]', TRUE, 1, NOW());
INSERT INTO api_keys (public_id, account_id, name, description, scopes, active, created_by, created_at)
VALUES (UNHEX(REPLACE('ap1l1m1t-adm1-n000-0000-000000000001', '-', '')), 1, 'Admin Limited', 'Limited scope', '["read:organization"]', TRUE, 1, NOW());
INSERT INTO ssh_keys (public_id, account_public_id, public_key, name, fingerprint, created_at)
VALUES (UNHEX(REPLACE('55hkey00-adm1-0001-0000-000000000001', '-', '')), UNHEX(REPLACE('adm1n000-0000-0000-0000-000000000001', '-', '')), 'ssh-rsa AAAAB3NzaC1yc2EAAAADAQABAAABgQC7xKqvqL8YqF9zHjZ8sK7YxJ5wL8qN2vR9sT3uV4wX5yZ6aB7cD8eF9gH0iJ1kL2mN3oP4qR5sT6uV7wX8yZ9aB0cD1eF2gH3iJ4kL5mN6oP7qR8sT9uV0wX1yZ2aB3cD4eF5gH6iJ7kL8mN9oP0qR1sT2uV3wX4yZ5aB6cD7eF8gH9iJ0kL1mN2oP3qR4sT5uV6wX7yZ8aB9cD0eF1gH2iJ3kL4mN5oP6qR7sT8uV9wX0yZ1aB2cD3eF4gH5iJ6kL7mN8oP9qR0sT1uV2wX3yZ4aB5cD6eF7gH8iJ9kL0mN1oP2qR3sT4uV5wX6yZ7aB8cD9eF0gH1iJ2kL3mN4oP5qR6sT7uV8wX9yZ0aB1cD2eF3gH4iJ5kL6mN7oP8qR9sT0uV1wX2yZ3aB4cD5eF6gH7iJ8kL9mN0oP1qR2sT3uV4wX5yZ6aB7cD8eF9gH0iJ1kL2mN3oP4qR5sT6uV7wX8yZ9aB0cD1eF2gH3iJ4kL5mN6oP7qR8sT9uV0wX1yZ2aB3cD4eF5gH6iJ7kL8== admin@libops.io', 'Admin LibOps Workstation', 'SHA256:1234567890abcdef1234567890abcdef1234567890abcdef1234567890abcdef', NOW());

-- Account: Art Vandelay
INSERT INTO accounts (id, public_id, email, name, auth_method, verified, vault_entity_id, created_at)
VALUES (2, UNHEX(REPLACE('art00000-vand-e1ay-0000-000000000002', '-', '')), 'art.vandelay@vandelay.com', 'Art Vandelay', 'userpass', TRUE, 'entity-art', NOW());

INSERT INTO api_keys (public_id, account_id, name, description, scopes, active, created_by, created_at)
VALUES (UNHEX(REPLACE('ap1key00-art0-0000-vand-000000000002', '-', '')), 2, 'Art Vandelay Full', 'Full access', '[]', TRUE, 2, NOW());
INSERT INTO api_keys (public_id, account_id, name, description, scopes, active, created_by, created_at)
VALUES (UNHEX(REPLACE('ap1l1m1t-art0-0000-0000-000000000002', '-', '')), 2, 'Art Limited', 'Limited scope', '["read:project"]', TRUE, 2, NOW());

-- Account: Jerry Seinfeld
INSERT INTO accounts (id, public_id, email, name, auth_method, verified, vault_entity_id, created_at)
VALUES (3, UNHEX(REPLACE('jerr7000-se1n-fe1d-0000-000000000003', '-', '')), 'jerry.seinfeld@vandelay.com', 'Jerry Seinfeld', 'userpass', TRUE, 'entity-jerry', NOW());

INSERT INTO api_keys (public_id, account_id, name, description, scopes, active, created_by, created_at)
VALUES (UNHEX(REPLACE('ap1key00-jerr-7000-se1n-000000000003', '-', '')), 3, 'Jerry Seinfeld Full', 'Full access', '[]', TRUE, 3, NOW());

-- Account: Elaine Benes
INSERT INTO accounts (id, public_id, email, name, auth_method, verified, vault_entity_id, created_at)
VALUES (4, UNHEX(REPLACE('e1a1ne00-bene-5000-0000-000000000004', '-', '')), 'elaine.benes@vandelay.com', 'Elaine Benes', 'userpass', TRUE, 'entity-elaine', NOW());

INSERT INTO api_keys (public_id, account_id, name, description, scopes, active, created_by, created_at)
VALUES (UNHEX(REPLACE('ap1key00-e1a1-ne00-bene-000000000004', '-', '')), 4, 'Elaine Benes Full', 'Full access', '[]', TRUE, 4, NOW());

-- Account: George Costanza
INSERT INTO accounts (id, public_id, email, name, auth_method, verified, vault_entity_id, created_at)
VALUES (5, UNHEX(REPLACE('ge0rge00-c05t-anza-0000-000000000005', '-', '')), 'george.costanza@vandelay.com', 'George Costanza', 'userpass', TRUE, 'entity-george', NOW());

INSERT INTO api_keys (public_id, account_id, name, description, scopes, active, created_by, created_at)
VALUES (UNHEX(REPLACE('ap1key00-ge0r-ge00-c05t-000000000005', '-', '')), 5, 'George Costanza Full', 'Full access', '[]', TRUE, 5, NOW());

-- Account: Cosmo Kramer
INSERT INTO accounts (id, public_id, email, name, auth_method, verified, vault_entity_id, created_at)
VALUES (6, UNHEX(REPLACE('krame500-c05m-0000-0000-000000000006', '-', '')), 'cosmo.kramer@vandelay.com', 'Cosmo Kramer', 'userpass', TRUE, 'entity-kramer', NOW());

INSERT INTO api_keys (public_id, account_id, name, description, scopes, active, created_by, created_at)
VALUES (UNHEX(REPLACE('ap1key00-kram-e500-c05m-000000000006', '-', '')), 6, 'Cosmo Kramer Full', 'Full access', '[]', TRUE, 6, NOW());

-- Account: H.E. Pennypacker
INSERT INTO accounts (id, public_id, email, name, auth_method, verified, vault_entity_id, created_at)
VALUES (7, UNHEX(REPLACE('penn7pac-ker0-0000-0000-000000000007', '-', '')), 'h.e.pennypacker@pennypacker.com', 'H.E. Pennypacker', 'userpass', TRUE, 'entity-pennypacker', NOW());

INSERT INTO api_keys (public_id, account_id, name, description, scopes, active, created_by, created_at)
VALUES (UNHEX(REPLACE('ap1key00-penn-7pac-ker0-000000000007', '-', '')), 7, 'H.E. Pennypacker Full', 'Full access', '[]', TRUE, 7, NOW());

-- Account: Newman
INSERT INTO accounts (id, public_id, email, name, auth_method, verified, vault_entity_id, created_at)
VALUES (8, UNHEX(REPLACE('newm4n00-ma11-0000-0000-000000000008', '-', '')), 'newman@pennypacker.com', 'Newman', 'userpass', TRUE, 'entity-newman', NOW());

INSERT INTO api_keys (public_id, account_id, name, description, scopes, active, created_by, created_at)
VALUES (UNHEX(REPLACE('ap1key00-newm-4n00-ma11-000000000008', '-', '')), 8, 'Newman Full', 'Full access', '[]', TRUE, 8, NOW());

-- Account: Bob Sacamano
INSERT INTO accounts (id, public_id, email, name, auth_method, verified, vault_entity_id, created_at)
VALUES (9, UNHEX(REPLACE('b0b00000-5aca-man0-0000-000000000009', '-', '')), 'bob.sacamano@vandelay.com', 'Bob Sacamano', 'userpass', TRUE, 'entity-bob', NOW());

INSERT INTO api_keys (public_id, account_id, name, description, scopes, active, created_by, created_at)
VALUES (UNHEX(REPLACE('ap1key00-b0b0-0000-5aca-000000000009', '-', '')), 9, 'Bob Sacamano Full', 'Full access', '[]', TRUE, 9, NOW());
INSERT INTO api_keys (public_id, account_id, name, description, scopes, active, created_by, created_at)
VALUES (UNHEX(REPLACE('ap1l1m1t-b0b0-0000-0000-000000000009', '-', '')), 9, 'Bob Limited', 'Limited scope', '["delete:project"]', TRUE, 9, NOW());

-- Account: Joe Davola
INSERT INTO accounts (id, public_id, email, name, auth_method, verified, vault_entity_id, created_at)
VALUES (10, UNHEX(REPLACE('j0e00000-dav0-1a00-0000-000000000010', '-', '')), 'joe.davola@vandelay.com', 'Joe Davola', 'userpass', TRUE, 'entity-joe', NOW());

INSERT INTO api_keys (public_id, account_id, name, description, scopes, active, created_by, created_at)
VALUES (UNHEX(REPLACE('ap1key00-j0e0-0000-dav0-000000000010', '-', '')), 10, 'Joe Davola Full', 'Full access', '[]', TRUE, 10, NOW());

-- Account: Soup Nazi
INSERT INTO accounts (id, public_id, email, name, auth_method, verified, vault_entity_id, created_at)
VALUES (11, UNHEX(REPLACE('50upnaz1-0000-0000-0000-000000000011', '-', '')), 'soup.nazi@vandelay.com', 'Soup Nazi', 'userpass', TRUE, 'entity-soup', NOW());

INSERT INTO api_keys (public_id, account_id, name, description, scopes, active, created_by, created_at)
VALUES (UNHEX(REPLACE('ap1key00-50up-naz1-0000-000000000011', '-', '')), 11, 'Soup Nazi Full', 'Full access', '[]', TRUE, 11, NOW());
INSERT INTO api_keys (public_id, account_id, name, description, scopes, active, created_by, created_at)
VALUES (UNHEX(REPLACE('ap1l1m1t-50up-0000-0000-000000000011', '-', '')), 11, 'Soup Nazi Limited', 'Limited scope', '["read:site"]', TRUE, 11, NOW());

-- Account: Babu Bhatt
INSERT INTO accounts (id, public_id, email, name, auth_method, verified, vault_entity_id, created_at)
VALUES (12, UNHEX(REPLACE('babu0000-bhat-t000-0000-000000000012', '-', '')), 'babu.bhatt@vandelay.com', 'Babu Bhatt', 'userpass', TRUE, 'entity-babu', NOW());

INSERT INTO api_keys (public_id, account_id, name, description, scopes, active, created_by, created_at)
VALUES (UNHEX(REPLACE('ap1key00-babu-0000-bhat-000000000012', '-', '')), 12, 'Babu Bhatt Full', 'Full access', '[]', TRUE, 12, NOW());

-- Account: Jackie Chiles
INSERT INTO accounts (id, public_id, email, name, auth_method, verified, vault_entity_id, created_at)
VALUES (13, UNHEX(REPLACE('jack1e00-ch11-e500-0000-000000000013', '-', '')), 'jackie.chiles@pennypacker.com', 'Jackie Chiles', 'userpass', TRUE, 'entity-jackie', NOW());

INSERT INTO api_keys (public_id, account_id, name, description, scopes, active, created_by, created_at)
VALUES (UNHEX(REPLACE('ap1key00-jack-1e00-ch11-000000000013', '-', '')), 13, 'Jackie Chiles Full', 'Full access', '[]', TRUE, 13, NOW());

-- Account: J. Peterman
INSERT INTO accounts (id, public_id, email, name, auth_method, verified, vault_entity_id, created_at)
VALUES (14, UNHEX(REPLACE('peter000-man0-0000-0000-000000000014', '-', '')), 'j.peterman@pennypacker.com', 'J. Peterman', 'userpass', TRUE, 'entity-peterman', NOW());

INSERT INTO api_keys (public_id, account_id, name, description, scopes, active, created_by, created_at)
VALUES (UNHEX(REPLACE('ap1key00-pete-r000-man0-000000000014', '-', '')), 14, 'J. Peterman Full', 'Full access', '[]', TRUE, 14, NOW());

-- Account: David Puddy
INSERT INTO accounts (id, public_id, email, name, auth_method, verified, vault_entity_id, created_at)
VALUES (15, UNHEX(REPLACE('pudd7000-dav1-d000-0000-000000000015', '-', '')), 'david.puddy@vandelay.com', 'David Puddy', 'userpass', TRUE, 'entity-puddy', NOW());

INSERT INTO api_keys (public_id, account_id, name, description, scopes, active, created_by, created_at)
VALUES (UNHEX(REPLACE('ap1key00-pudd-7000-dav1-000000000015', '-', '')), 15, 'David Puddy Full', 'Full access', '[]', TRUE, 15, NOW());

-- Account: Uncle Leo
INSERT INTO accounts (id, public_id, email, name, auth_method, verified, vault_entity_id, created_at)
VALUES (16, UNHEX(REPLACE('unc1e000-1e00-0000-0000-000000000016', '-', '')), 'uncle.leo@vandelay.com', 'Uncle Leo', 'userpass', TRUE, 'entity-leo', NOW());

INSERT INTO api_keys (public_id, account_id, name, description, scopes, active, created_by, created_at)
VALUES (UNHEX(REPLACE('ap1key00-unc1-e000-1e00-000000000016', '-', '')), 16, 'Uncle Leo Full', 'Full access', '[]', TRUE, 16, NOW());

-- Account: No Access User
INSERT INTO accounts (id, public_id, email, name, auth_method, verified, vault_entity_id, created_at)
VALUES (17, UNHEX(REPLACE('n0acc355-0000-0000-0000-000000000017', '-', '')), 'noaccess@test.com', 'No Access User', 'userpass', TRUE, 'entity-noaccess', NOW());

INSERT INTO api_keys (public_id, account_id, name, description, scopes, active, created_by, created_at)
VALUES (UNHEX(REPLACE('ap1key00-n0ac-c355-0000-000000000017', '-', '')), 17, 'No Access User Full', 'Full access', '[]', TRUE, 17, NOW());

-- Organization: LibOps Platform
INSERT INTO organizations (id, public_id, name, gcp_org_id, gcp_billing_account, gcp_parent, location, region, gcp_folder_id, status, gcp_project_id, gcp_project_number, created_by, created_at)
VALUES (1, UNHEX(REPLACE('11b0p500-0000-0000-0000-000000000001', '-', '')), 'LibOps Platform', '11000', 'BILL-1', 'organizations/11000', 'us', 'us-central1', 'folders/21000', 'active', 'org-1-proj', '31000', 1, NOW());

INSERT INTO organization_members (public_id, organization_id, account_id, role, status, created_by, created_at)
VALUES (UNHEX(REPLACE('0rgmem00-libo-admi-0000-000000000001', '-', '')), 1, 1, 'owner', 'active', 1, NOW());
INSERT INTO organization_secrets (public_id, organization_id, name, vault_path, status, created_at, updated_at, created_by)
VALUES (UNHEX(REPLACE('5ecret00-11b0-0001-0000-000000000001', '-', '')), 1, 'LIBOPS_MASTER_KEY', 'secret-organization/1/LIBOPS_MASTER_KEY', 'active', UNIX_TIMESTAMP(), UNIX_TIMESTAMP(), 1);
INSERT INTO organization_secrets (public_id, organization_id, name, vault_path, status, created_at, updated_at, created_by)
VALUES (UNHEX(REPLACE('5ecret00-11b0-0002-0000-000000000002', '-', '')), 1, 'LIBOPS_API_TOKEN', 'secret-organization/1/LIBOPS_API_TOKEN', 'active', UNIX_TIMESTAMP(), UNIX_TIMESTAMP(), 1);
INSERT INTO organization_firewall_rules (public_id, organization_id, description, source_ip, status, created_at, updated_at, created_by)
VALUES (UNHEX(REPLACE('f1rewa11-11b0-0001-0000-000000000001', '-', '')), 1, 'LibOps HQ Office', '10.0.0.0/8', 'active', NOW(), NOW(), 1);
INSERT INTO organization_firewall_rules (public_id, organization_id, description, source_ip, status, created_at, updated_at, created_by)
VALUES (UNHEX(REPLACE('f1rewa11-11b0-0002-0000-000000000002', '-', '')), 1, 'LibOps VPN', '172.16.0.0/12', 'active', NOW(), NOW(), 1);

-- Organization: Vandelay Industries
INSERT INTO organizations (id, public_id, name, gcp_org_id, gcp_billing_account, gcp_parent, location, region, gcp_folder_id, status, gcp_project_id, gcp_project_number, created_by, created_at)
VALUES (2, UNHEX(REPLACE('vand0000-e1ay-1ndu-5tr1-e500000002', '-', '')), 'Vandelay Industries', '12000', 'BILL-2', 'organizations/12000', 'us', 'us-east1', 'folders/22000', 'active', 'org-2-proj', '32000', 2, NOW());

INSERT INTO relationships (id, public_id, source_organization_id, target_organization_id, relationship_type, status)
VALUES (2, UNHEX(REPLACE('re1at000-11b0-vand-0000-000000000002', '-', '')), 1, 2, 'access', 'approved');

INSERT INTO organization_members (public_id, organization_id, account_id, role, status, created_by, created_at)
VALUES (UNHEX(REPLACE('0rgmem00-vand-art-0000-000000000002', '-', '')), 2, 2, 'owner', 'active', 2, NOW());
INSERT INTO organization_members (public_id, organization_id, account_id, role, status, created_by, created_at)
VALUES (UNHEX(REPLACE('0rgmem00-vand-jerr-0000-000000000003', '-', '')), 2, 3, 'developer', 'active', 2, NOW());
INSERT INTO organization_members (public_id, organization_id, account_id, role, status, created_by, created_at)
VALUES (UNHEX(REPLACE('0rgmem00-vand-elai-0000-000000000004', '-', '')), 2, 4, 'developer', 'active', 2, NOW());
INSERT INTO organization_members (public_id, organization_id, account_id, role, status, created_by, created_at)
VALUES (UNHEX(REPLACE('0rgmem00-vand-geor-0000-000000000005', '-', '')), 2, 5, 'developer', 'active', 2, NOW());
INSERT INTO organization_members (public_id, organization_id, account_id, role, status, created_by, created_at)
VALUES (UNHEX(REPLACE('0rgmem00-vand-kram-0000-000000000006', '-', '')), 2, 6, 'read', 'active', 2, NOW());
INSERT INTO organization_secrets (public_id, organization_id, name, vault_path, status, created_at, updated_at, created_by)
VALUES (UNHEX(REPLACE('5ecret00-vand-0001-0000-000000000003', '-', '')), 2, 'VANDELAY_IMPORT_KEY', 'secret-organization/2/VANDELAY_IMPORT_KEY', 'active', UNIX_TIMESTAMP(), UNIX_TIMESTAMP(), 2);
INSERT INTO organization_secrets (public_id, organization_id, name, vault_path, status, created_at, updated_at, created_by)
VALUES (UNHEX(REPLACE('5ecret00-vand-0002-0000-000000000004', '-', '')), 2, 'VANDELAY_EXPORT_KEY', 'secret-organization/2/VANDELAY_EXPORT_KEY', 'active', UNIX_TIMESTAMP(), UNIX_TIMESTAMP(), 2);
INSERT INTO organization_firewall_rules (public_id, organization_id, description, source_ip, status, created_at, updated_at, created_by)
VALUES (UNHEX(REPLACE('f1rewa11-vand-0001-0000-000000000003', '-', '')), 2, 'Vandelay Office NYC', '192.168.1.0/24', 'active', NOW(), NOW(), 2);

-- Organization: Pennypacker LLC
INSERT INTO organizations (id, public_id, name, gcp_org_id, gcp_billing_account, gcp_parent, location, region, gcp_folder_id, status, gcp_project_id, gcp_project_number, created_by, created_at)
VALUES (3, UNHEX(REPLACE('penn0000-7pac-ker0-11c0-000000000003', '-', '')), 'Pennypacker LLC', '13000', 'BILL-3', 'organizations/13000', 'us', 'us-west1', 'folders/23000', 'active', 'org-3-proj', '33000', 7, NOW());

INSERT INTO relationships (id, public_id, source_organization_id, target_organization_id, relationship_type, status)
VALUES (3, UNHEX(REPLACE('re1at000-11b0-penn-0000-000000000003', '-', '')), 1, 3, 'access', 'approved');

INSERT INTO organization_members (public_id, organization_id, account_id, role, status, created_by, created_at)
VALUES (UNHEX(REPLACE('0rgmem00-penn-penn-0000-000000000007', '-', '')), 3, 7, 'owner', 'active', 7, NOW());
INSERT INTO organization_members (public_id, organization_id, account_id, role, status, created_by, created_at)
VALUES (UNHEX(REPLACE('0rgmem00-penn-newm-0000-000000000008', '-', '')), 3, 8, 'developer', 'active', 7, NOW());

-- Project: LibOps Core Platform
INSERT INTO projects (id, public_id, organization_id, name, github_repository, github_branch, gcp_region, gcp_zone, machine_type, gcp_project_id, gcp_project_number, status, organization_project, created_by, created_at)
VALUES (1, UNHEX(REPLACE('pr0j0000-11b0-p1at-f0rm-000000000003', '-', '')), 1, 'LibOps Core Platform', 'repo/libops-core', 'main', 'us-central1', 'us-central1-b', 'e2-medium', 'proj-1-gcp', '41000', 'active', TRUE, 1, NOW());


-- Project: Project Jupiter
INSERT INTO projects (id, public_id, organization_id, name, github_repository, github_branch, gcp_region, gcp_zone, machine_type, gcp_project_id, gcp_project_number, status, organization_project, created_by, created_at)
VALUES (2, UNHEX(REPLACE('pr0j0000-jup1-ter0-0000-000000000001', '-', '')), 2, 'Project Jupiter', 'repo/jupiter', 'main', 'us-east1', 'us-east1-b', 'e2-medium', 'proj-2-gcp', '42000', 'active', TRUE, 9, NOW());

INSERT INTO project_members (public_id, project_id, account_id, role, status, created_by, created_at)
VALUES (UNHEX(REPLACE('pr0jmem0-jupi-bob-0000-000000000009', '-', '')), 2, 9, 'owner', 'active', 9, NOW());
INSERT INTO project_members (public_id, project_id, account_id, role, status, created_by, created_at)
VALUES (UNHEX(REPLACE('pr0jmem0-jupi-joe-0000-000000000010', '-', '')), 2, 10, 'developer', 'active', 9, NOW());
INSERT INTO project_members (public_id, project_id, account_id, role, status, created_by, created_at)
VALUES (UNHEX(REPLACE('pr0jmem0-jupi-pudd-0000-000000000015', '-', '')), 2, 15, 'read', 'active', 9, NOW());
INSERT INTO project_secrets (public_id, project_id, name, vault_path, status, created_at, updated_at, created_by)
VALUES (UNHEX(REPLACE('5ecret00-jup1-0001-0000-000000000005', '-', '')), 2, 'JUPITER_DB_PASSWORD', 'secret-project/2/JUPITER_DB_PASSWORD', 'active', UNIX_TIMESTAMP(), UNIX_TIMESTAMP(), 9);
INSERT INTO project_secrets (public_id, project_id, name, vault_path, status, created_at, updated_at, created_by)
VALUES (UNHEX(REPLACE('5ecret00-jup1-0002-0000-000000000006', '-', '')), 2, 'JUPITER_API_SECRET', 'secret-project/2/JUPITER_API_SECRET', 'active', UNIX_TIMESTAMP(), UNIX_TIMESTAMP(), 9);
INSERT INTO project_firewall_rules (public_id, project_id, description, source_ip, status, created_at, updated_at, created_by)
VALUES (UNHEX(REPLACE('f1rewa11-jup1-0001-0000-000000000004', '-', '')), 2, 'Jupiter Dev Team', '192.168.10.0/24', 'active', NOW(), NOW(), 9);

-- Project: Project Latex
INSERT INTO projects (id, public_id, organization_id, name, github_repository, github_branch, gcp_region, gcp_zone, machine_type, gcp_project_id, gcp_project_number, status, organization_project, created_by, created_at)
VALUES (3, UNHEX(REPLACE('pr0j0000-1ate-x000-0000-000000000002', '-', '')), 3, 'Project Latex', 'repo/latex', 'main', 'us-west1', 'us-west1-b', 'e2-medium', 'proj-3-gcp', '43000', 'active', TRUE, 13, NOW());

INSERT INTO project_members (public_id, project_id, account_id, role, status, created_by, created_at)
VALUES (UNHEX(REPLACE('pr0jmem0-late-jack-0000-000000000013', '-', '')), 3, 13, 'owner', 'active', 13, NOW());
INSERT INTO project_members (public_id, project_id, account_id, role, status, created_by, created_at)
VALUES (UNHEX(REPLACE('pr0jmem0-late-pete-0000-000000000014', '-', '')), 3, 14, 'developer', 'active', 13, NOW());

-- Site: production
INSERT INTO sites (id, public_id, project_id, name, github_ref, gcp_external_ip, status, created_by, created_at)
VALUES (1, UNHEX(REPLACE('51te0000-jup1-pr0d-0000-000000000001', '-', '')), 2, 'production', 'tags/v1.0.0', '1.2.3.1', 'active', 11, NOW());

INSERT INTO site_members (public_id, site_id, account_id, role, status, created_by, created_at)
VALUES (UNHEX(REPLACE('51temem0-jupi-soup-0000-000000000011', '-', '')), 1, 11, 'owner', 'active', 11, NOW());
INSERT INTO site_members (public_id, site_id, account_id, role, status, created_by, created_at)
VALUES (UNHEX(REPLACE('51temem0-jupi-babu-0000-000000000012', '-', '')), 1, 12, 'developer', 'active', 11, NOW());
INSERT INTO site_members (public_id, site_id, account_id, role, status, created_by, created_at)
VALUES (UNHEX(REPLACE('51temem0-jupi-leo-0000-000000000016', '-', '')), 1, 16, 'read', 'active', 11, NOW());
INSERT INTO site_secrets (public_id, site_id, name, vault_path, status, created_at, updated_at, created_by)
VALUES (UNHEX(REPLACE('5ecret00-51te-0001-0000-000000000007', '-', '')), 1, 'PROD_SESSION_KEY', 'secret-site/1/PROD_SESSION_KEY', 'active', UNIX_TIMESTAMP(), UNIX_TIMESTAMP(), 11);
INSERT INTO site_secrets (public_id, site_id, name, vault_path, status, created_at, updated_at, created_by)
VALUES (UNHEX(REPLACE('5ecret00-51te-0002-0000-000000000008', '-', '')), 1, 'PROD_ENCRYPTION_KEY', 'secret-site/1/PROD_ENCRYPTION_KEY', 'active', UNIX_TIMESTAMP(), UNIX_TIMESTAMP(), 11);
INSERT INTO site_firewall_rules (public_id, site_id, description, source_ip, status, created_at, updated_at, created_by)
VALUES (UNHEX(REPLACE('f1rewa11-51te-0001-0000-000000000005', '-', '')), 1, 'Production CDN', '192.168.100.0/24', 'active', NOW(), NOW(), 11);

-- Site: staging
INSERT INTO sites (id, public_id, project_id, name, github_ref, gcp_external_ip, status, created_by, created_at)
VALUES (2, UNHEX(REPLACE('51te0000-jup1-5tag-0000-000000000002', '-', '')), 2, 'staging', 'tags/v1.0.0', '1.2.3.2', 'active', 11, NOW());


-- Site: production
INSERT INTO sites (id, public_id, project_id, name, github_ref, gcp_external_ip, status, created_by, created_at)
VALUES (3, UNHEX(REPLACE('51te0000-1ate-pr0d-0000-000000000003', '-', '')), 3, 'production', 'tags/v1.0.0', '1.2.3.3', 'active', 13, NOW());

